<!DOCTYPE ui:UiBinder SYSTEM "http://dl.google.com/gwt/DTD/xhtml.ent">
<ui:UiBinder xmlns:ui="urn:ui:com.google.gwt.uibinder"
	xmlns:g="urn:import:com.google.gwt.user.client.ui">
	<ui:style>
	#whiteBox{
		position:relative;
		left: 180px;
		top: 80px;
		width: 700px;
		height:600px;
		background-color:white;
		border-style:ridge;
		border-width:3px;
	}
	
	h1{
		color: red;
		margin-left:20px;
		margin-top:20px;
	}
	h2{
		color: black;
		margin-left:20px;
		margin-top:20px;
	}
	
	.label{
		margin-left:20px;
		margin-top:10px;
		font-weight: bold;
	
	}
	h3{
		margin-left:20px;
		width:650px;
		border-bottom-color: gray;
		border-style:solid;
		border-width: 1px;
	}
	
	.changeInfoBtn{
	margin-left: 280px;
	margin-top: 90px;

	}
	
	.loginInfo{
		margin-left: 50px;
	}
	.personalInfoName{
		margin-left: 75px;
	}
	.personalInfoGender{
		margin-left: 65px;
	}
	</ui:style>
	
	<g:HTMLPanel>
		<div id="whiteBox">
		<h1>Account Information</h1>
		<h2>Login Information</h2>
		<g:HorizontalPanel addStyleNames= '{style.label}'>
			<g:Label text="Username:"></g:Label>
			<g:Label ui:field="username" styleName='{style.loginInfo}' text="sssss"></g:Label>
		</g:HorizontalPanel>
		<g:HorizontalPanel addStyleNames= '{style.label}'>
			<g:Label  text="Password:"></g:Label>
			<g:Label ui:field="password" styleName='{style.loginInfo}' text="s"></g:Label>
		</g:HorizontalPanel>
		<h3></h3>
		<h2>Personal Information</h2>
		<g:HorizontalPanel addStyleNames= '{style.label}'>
			<g:Label text="Name:"></g:Label>
			<g:Label ui:field="name" styleName='{style.personalInfoName}' text="s"></g:Label>
		</g:HorizontalPanel>
	<!--<g:Label styleName='{style.label}' text="Birthday:"></g:Label>	-->
		<g:HorizontalPanel addStyleNames= '{style.label}'>
			<g:Label text="Gender:"></g:Label>
			<g:Label ui:field="gender" styleName='{style.personalInfoGender}' text="s"></g:Label>
		</g:HorizontalPanel>	
		<g:Button ui:field="changeSetts" addStyleNames='{style.changeInfoBtn}' text="Change Information"></g:Button>	
		</div>
	</g:HTMLPanel>
</ui:UiBinder> 