<!DOCTYPE ui:UiBinder SYSTEM "http://dl.google.com/gwt/DTD/xhtml.ent">
<ui:UiBinder xmlns:ui="urn:ui:com.google.gwt.uibinder"
	xmlns:g="urn:import:com.google.gwt.user.client.ui">
	<ui:style>
		#whiteBox{
		position:relative;
		left: 180px;
		top: 80px;
		width: 700px;
		height:600px;
		background-color:white;
		border-style:ridge;
		border-width:3px;
	}
	p{
	color: #EA5E00;
	font-weight: bold;
	font-size: 20 px;
	margin-left: 30px;
	margin-right: 30px;
	}
	
	.label{
		color: red;
		font-size: 25px;
		font-weight: bold;
		margin-left: 155px;
		margin-top: 20px;
	}
	
	.labelScore{
		margin-left: 155px;
		margin-top: 10px;
		font-weight: bold;
		font-size: 15px;
	}
	
	</ui:style>
	<g:HTMLPanel>
		<div id="whiteBox">
			<g:VerticalPanel>
				<g:Label text="My Achievement Profile Overview" addStyleNames='{style.label}'></g:Label>
				<g:Label text="My AI:" addStyleNames='{style.labelScore}'></g:Label>
				<g:Label text="My Math:" addStyleNames='{style.labelScore}'></g:Label>
				<g:Label text="My Science:" addStyleNames='{style.labelScore}'></g:Label>
			</g:VerticalPanel>
			
			<p style="margin-top:40px;">What is AI?</p>
			<p>Achievement Index (AI) is a proprietary, scaled measure of performance based on your top game scores in each Mango Learning Brain Area.</p>
			<p>Because scoring systems vary from game to game, AI helps you compare your relative strengths and weaknesses across games that challenge different abilities.</p>
		</div>
	
	</g:HTMLPanel>
</ui:UiBinder> 