<!DOCTYPE ui:UiBinder SYSTEM "http://dl.google.com/gwt/DTD/xhtml.ent">
<ui:UiBinder xmlns:ui="urn:ui:com.google.gwt.uibinder"
	xmlns:g="urn:import:com.google.gwt.user.client.ui">
	<ui:style>
	#whiteBox{
		position:relative;
		left: 180px;
		top: 80px;
		width: 700px;
		height:600px;
		background-color:white;
		border-style:ridge;
		border-width:3px;
	}
	
	h1{
		color: red;
	}
	
	.newPass{
		font-weight: bold;
		font-size: medium;
		margin-left: 23px;
		
	}
	
	.reTypeNewPass{
		font-weight: bold;
		font-size: medium;
		margin-left: 220px;
	}
	
	.passBox{
		width: 300px;
		margin-left:  23px;
		
	}

	.reTypePassBox{
		width: 300px;
		margin-left:  30px;
	}
	
	.lastName{
	font-weight: bold;
		font-size: medium;
		margin-left: 250px;
		
	}
	
	.topMargin{
		margin-top: 20px;
	}
	
	.radio{
		margin-left: 20px;
	}
	
	.btn{
		margin-top: 100px;
		margin-left: 300px;
	}
	</ui:style>
	<g:HTMLPanel>
			<div id="whiteBox">
				<h1>Change Settings</h1>
				<g:HorizontalPanel>
					<g:Label text="New Password:" styleName='{style.newPass}'></g:Label>
					<g:Label  text="Retype New Password:" styleName='{style.reTypeNewPass}'></g:Label>
				</g:HorizontalPanel>
				<g:HorizontalPanel>
					<g:TextBox ui:field="pass" addStyleNames='{style.passBox}'></g:TextBox>
					<g:TextBox ui:field="retypePass" addStyleNames='{style.reTypePassBox}'></g:TextBox>
				</g:HorizontalPanel>
				
				<g:HorizontalPanel addStyleNames='{style.topMargin}'>
					<g:Label text="First Name:" styleName='{style.newPass}'></g:Label>
					<g:Label text="Last Name:" styleName='{style.lastName}'></g:Label>
				</g:HorizontalPanel>
				<g:HorizontalPanel >
					<g:TextBox ui:field="fName" addStyleNames='{style.passBox}'></g:TextBox>
					<g:TextBox ui:field="lName" addStyleNames='{style.reTypePassBox}'></g:TextBox>
				</g:HorizontalPanel>
				
				<g:HorizontalPanel addStyleNames='{style.topMargin}'>
						<g:Label text="Gender:" styleName='{style.newPass}'></g:Label>
				</g:HorizontalPanel>
				<g:HorizontalPanel >
					<g:RadioButton ui:field="male" name="gender" value="true" enabled="true" addStyleNames='{style.radio}'>Male</g:RadioButton>
					<g:RadioButton ui:field="female" name="gender" value="false" enabled="true" addStyleNames='{style.radio}'>Female</g:RadioButton>
				</g:HorizontalPanel>
				<g:Button ui:field="saveChangesBtn" addStyleNames='{style.btn}'>Save Changes</g:Button>
				
				
			</div>
	</g:HTMLPanel>
</ui:UiBinder> 