<!DOCTYPE ui:UiBinder SYSTEM "http://dl.google.com/gwt/DTD/xhtml.ent">
<ui:UiBinder xmlns:ui="urn:ui:com.google.gwt.uibinder"
	xmlns:g="urn:import:com.google.gwt.user.client.ui">
	<ui:style>
	
	#whiteBox{
		position:relative;
		left: 180px;
		top: 80px;
		width: 700px;
		height:600px;
		background-color:white;
		border-style:ridge;
		border-width:3px;
	}
	
	.categoriesLabel{
		position: absolute;
		top: 90px;
		color: red;
		font-size: 20px;
		font-weight: bold;
		
	}
	
	.allGames{
		position: absolute;
		top: 130px;
	}
	
	.mathGames{
		position: absolute;
		top: 170px;
	}
	
	.scienceGames{
		position: absolute;
		top: 210px;
	}
	</ui:style>
	<g:HTMLPanel>
			<g:Label text="Categories"  addStyleNames='{style.categoriesLabel}'></g:Label>
			<g:Button text="All Games" addStyleNames='{style.allGames}' ></g:Button>
			<g:Button text="Math Games" addStyleNames='{style.mathGames}' ></g:Button>
			<g:Button text="Science Games" addStyleNames='{style.scienceGames}' ></g:Button>
		<div id="whiteBox"></div>
	</g:HTMLPanel>
</ui:UiBinder> 