<!DOCTYPE ui:UiBinder SYSTEM "http://dl.google.com/gwt/DTD/xhtml.ent">
<ui:UiBinder xmlns:ui="urn:ui:com.google.gwt.uibinder"
	xmlns:g="urn:import:com.google.gwt.user.client.ui">
	<ui:style>
	
	#whiteBox{
		position:relative;
		left: 180px;
		top: 80px;
		width: 700px;
		height:600px;
		background-color:white;
		border-style:ridge;
		border-width:3px;
	}
	
	#gameHeader{
		text-align: center;
	}
	.categoriesLabel{
		position: absolute;
		top: 80px;
		left: 18px;
		color: #9D0D14;
		font-size: 30px;
		font-weight: bolder;
		
	}
	
	.allGames{
		width:150px;
		position: absolute;
		top: 130px;
		left: 20px;
	}
	
	.mathGames{
	width: 150px;
		position: absolute;
		top: 170px;
		left: 20px;
	}
	
	.scienceGames{
	width: 150px;
		position: absolute;
		top: 210px;
		left: 20px;
	}
	.header{
		color: red;
		font-size: 45px;
		font-weight: bold;
		margin-top: 10px;
		border-bottom: 3px solid red;
	}
	.additionGame{ 	
		
		margin-left: 70px;  
	}
	.subtractionGame{
		margin-left: 55px;
	}
	.multGame{
		margin-left: 60px;
	}
	.divGame{
		margin-left: 70px;
	}
	.chalkboardGame{
		margin-left:70px;
	}
	.row1{
	margin-top: 20px;

	}
	.row2{
		margin-top: 25px;
	}
	</ui:style>
	<g:HTMLPanel>
			<g:Label text="Categories"  addStyleNames='{style.categoriesLabel}'></g:Label>
			<g:Button ui:field="allGamesBtn" text="All Games" addStyleNames='{style.allGames}' ></g:Button>
			<g:Button ui:field="mathGamesBtn" text="Math Games" addStyleNames='{style.mathGames}' ></g:Button>
			<g:Button ui:field="scienceGamesBtn" text="Science Games" addStyleNames='{style.scienceGames}' ></g:Button>
			
		<div id="whiteBox">
			<div id="gameHeader">	
				<g:Label ui:field="gameHeader" styleName='{style.header}' text="All Games"></g:Label>
			</div>
			<div id="mathSprites">
				<g:VerticalPanel ui:field="mathGamesList">
					<g:HorizontalPanel addStyleNames='{style.row1}'>
						<g:Image ui:field="additionMadness" url="gameSprites/add.png" addStyleNames='{style.additionGame}'></g:Image>
						<g:Image ui:field="subtractionFrenzy" url="gameSprites/subtract.png" addStyleNames='{style.additionGame}'></g:Image>
						<g:Image ui:field="multiplicationStorm" url="gameSprites/multiply.png" addStyleNames='{style.multGame}'></g:Image>
					</g:HorizontalPanel>	
					<g:HorizontalPanel addStyleNames='{style.row2}'>
						<g:Image ui:field="divisionDisaster" url="gameSprites/division.png" addStyleNames='{style.divGame}'></g:Image>
						<g:Image ui:field="chalkboardChallanger" url="gameSprites/chalkboard.png" addStyleNames='{style.chalkboardGame}'></g:Image>
					</g:HorizontalPanel>			
				</g:VerticalPanel>
			</div>
		</div>
	</g:HTMLPanel>
</ui:UiBinder> 
