<!DOCTYPE ui:UiBinder SYSTEM "http://dl.google.com/gwt/DTD/xhtml.ent">
<ui:UiBinder xmlns:ui="urn:ui:com.google.gwt.uibinder"
	xmlns:g="urn:import:com.google.gwt.user.client.ui">
	<ui:style>
			#whiteBox{
		position:relative;
		left: 180px;
		top: 80px;
		width: 700px;
		height:600px;
		background-color:white;
		border-style:ridge;
		border-width:3px;
	}
	#game{
		text-align: center;
	}
	.gameLabel{
		font-weight: bold;
		font-size: 35px;
		color: red;
	}
	.rightPanel{
		position: absolute;
		top:290px;
		left: 750px;
	}
	.completeWorkout{
		margin-left: 300px;
	}
	.submitScore{
		margin-left: 300px;
	}
	#highScores{
		position: absolute;
		left:943px;
		top:93px;
		background-color:white;
		border-style:solid;
		border-width:5px;
		padding: 5px;
	}
	.highscoreLabel{
		color: red;
		font-size: 42px;
		font-weight: bold;
		margin-bottom: 3px;
		
		text-decoration:underline;
	}
	.score{
		color: #F46200;
		font-size: 40px;
		font-weight: bold;
		margin-bottom: 3px;
	}
	</ui:style>
	
	<g:HTMLPanel>
		<div id='whiteBox'>
			<div id="game">
				<g:Label ui:field='gameLabel' text='GAME' addStyleNames='{style.gameLabel}'></g:Label>
				<iframe id='frame' src='minigames/Addition/index.html' width='640' height='480' frameborder='0' scrolling='no'></iframe>
			</div>
			
			<!-- This Btn only visible when playing a single game -->
			<g:Button ui:field="submitScore" text="Submit Score!" addStyleNames='{style.submitScore}'></g:Button>
			
			<!-- This contains DailyWorkout and HighScore fields -->
			<g:VerticalPanel styleName='{style.rightPanel}'>
				<g:Image ui:field="gamesCompletedIcon"></g:Image>
			</g:VerticalPanel>

			<g:Button ui:field="nextGame" text="Next Game" addStyleNames='{style.completeWorkout}'></g:Button>
			<g:Button ui:field="completeWorkout" text="Complete Workout" addStyleNames='{style.completeWorkout}'></g:Button>
		 </div>
		<div id='highScores'>
			<g:Label text="High Scores" styleName='{style.highscoreLabel}'></g:Label>
			<g:Label ui:field="score1Label" text="1." styleName='{style.score}'></g:Label>
			<g:Label ui:field="score2Label" text="2." styleName='{style.score}'></g:Label>
			<g:Label ui:field="score3Label" text="3." styleName='{style.score}'></g:Label>
		</div>
	</g:HTMLPanel>
</ui:UiBinder> 