<!DOCTYPE ui:UiBinder SYSTEM "http://dl.google.com/gwt/DTD/xhtml.ent">
<ui:UiBinder xmlns:ui="urn:ui:com.google.gwt.uibinder"
	xmlns:g="urn:import:com.google.gwt.user.client.ui">
	<ui:style>
			#whiteBox{
		position:relative;
		left: 180px;
		top: 80px;
		width: 700px;
		height:600px;
		background-color:white;
		border-style:ridge;
		border-width:3px;
	}
	#game{
		text-align: center;
	}
	.gameLabel{
		font-weight: bold;
		font-size: 35px;
		color: red;
	}
	.gameIcon{
		position: absolute;
		top:0px;
		left: 750px;
	}
	.completeWorkout{
		margin-left: 300px;
	}
	</ui:style>
	
	<g:HTMLPanel>
		<div id='whiteBox'>
			<div id="game">
				<g:Label ui:field='gameLabel' text='GAME' addStyleNames='{style.gameLabel}'></g:Label>
				<iframe id='frame' src='minigames/Addition/index.html' width='640' height='480' frameborder='0' scrolling='no'></iframe>
			</div>
			
			<g:Image ui:field="gamesCompletedIcon" styleName='{style.gameIcon}'></g:Image>
			<g:Button ui:field="nextGame" text="Next Game" addStyleNames='{style.completeWorkout}'></g:Button>
			<g:Button ui:field="completeWorkout" text="Complete Workout" addStyleNames='{style.completeWorkout}'></g:Button>
		</div>
	</g:HTMLPanel>
</ui:UiBinder> 