<!DOCTYPE ui:UiBinder SYSTEM "http://dl.google.com/gwt/DTD/xhtml.ent">
<ui:UiBinder xmlns:ui="urn:ui:com.google.gwt.uibinder"
	xmlns:g="urn:import:com.google.gwt.user.client.ui" xmlns:o="urn:import:com.sun.org.apache.xpath.internal.operations">
	<ui:style>
	#whiteBox{
		position:relative;
		left: 180px;
		top: 80px;
		width: 700px;
		height:600px;
		background-color:white;
		border-style:ridge;
		border-width:3px;
	}
	#center{
		text-align: center;
	}
	
	.topPanel{
		margin-left: 180px;
		margin-top: 20px;
	}
	.mangoLabel{
		color: white;
		font-style:bold;
		font-family: tahoma;
		font-size:25px;
	}
	
	.homeBtn{
		margin-left: 35px;
		
	}
	.btn{
		margin-left: 10px;
	}
	.accountBtn{
		margin-left: 270px;
	}
	.logoutBtn{
		margin-left: 10px;
	}
	.AI{
	position: absolute;
	top:95px;
	left: 925px;
	border-bottom: 1px solid black;
	font-size:25px;
	font-style:bold;
	}
	
	.aiScore{
	position: absolute;
	top:140px;
	left: 925px;
	font-size:20px;
	}
		.mathScore{
	position: absolute;
	top:170px;
	left: 925px;
	font-size:20px;
	}
	
		.scienceScore{
	position: absolute;
	top:200px;
	left: 925px;
	font-size:20px;
	}
	
	.streak{
	position: absolute;
	top:250px;
	left: 925px;
	border-bottom: 1px solid black;
	font-size:25px;
	font-style:bold;
	}

	.welcomeLabel{
		font-weight: bold;
		font-size:40px;
		color: red;
		margin-top: 10px;
	}
	.longOne{
		font-weight: bold;
		font-size: 30px;
		color: #FF6A06;
		margin-top: 10px;
	}
	.gameIcons{
		margin-top: 25px;
		margin-left: 140px;
	}
	.goToWorkoutBtn{
		width: 200px;
		height: 36px;
		margin-top: 20px;
	}
	.checkImage{
		margin-top: 10px;
		margin-bottom: 10px;
	}
	</ui:style>
	<g:HTMLPanel>

		<div id="whiteBox">
			<div id="center">
				<g:Label ui:field="welcomeLabel" text="H" styleName='{style.welcomeLabel}'></g:Label>
				
				<g:Image ui:field="checkMark" url="images/check.png" styleName='{style.checkImage}'></g:Image>
				<g:Label ui:field="workoutCompleteLabel" text="Today's Workout is Complete! Come back Tomorrow to Train your Brain again." styleName='{style.longOne}'></g:Label>
				
				<g:Label ui:field="workoutLabel" text="It's Time for Today's Daily Workout! Train your brain everyday and feel the difference." styleName='{style.longOne}'></g:Label>
				<g:Label ui:field="todayGames" text="Here are today's Daily Workout Games" styleName='{style.longOne}'></g:Label>
				<g:HorizontalPanel addStyleNames='{style.gameIcons}'> 
					<g:Image ui:field="game1"></g:Image>
					<g:Image ui:field="game2"></g:Image>
					<g:Image ui:field="game3"></g:Image>
				</g:HorizontalPanel>
				<g:Button ui:field="workoutBtn" text="Go to Today's Workout" addStyleNames='{style.goToWorkoutBtn}'></g:Button>
			</div>
		</div>
		
		<g:Label text="Achievement Index" styleName='{style.AI}' ></g:Label>
		<g:Label text="AI:" styleName='{style.aiScore}'> </g:Label>
		<g:Label text="Math:" styleName='{style.mathScore}'> </g:Label>
		<g:Label text="Science: " styleName='{style.scienceScore}'> </g:Label>
		<!--  <g:Label text="Daily Workout Streak: " styleName='{style.streak}'> </g:Label> -->
		
	</g:HTMLPanel>
</ui:UiBinder> 