<!DOCTYPE ui:UiBinder SYSTEM "http://dl.google.com/gwt/DTD/xhtml.ent">
<ui:UiBinder xmlns:ui="urn:ui:com.google.gwt.uibinder"
	xmlns:g="urn:import:com.google.gwt.user.client.ui">
	<ui:style>
	#whiteBox{
		position:relative;
		left: 180px;
		top: 80px;
		width: 700px;
		height:600px;
		background-color:white;
		border-style:ridge;
		border-width:3px;
	}
	
	.topPanel{
		margin-left: 180px;
		margin-top: 20px;
	}
	.mangoLabel{
		color: white;
		font-style:bold;
		font-family: tahoma;
		font-size:25px;
	}
	
	.homeBtn{
		margin-left: 35px;
		
	}
	.btn{
		margin-left: 10px;
	}
	.accountBtn{
		margin-left: 270px;
	}
	.logoutBtn{
		margin-left: 10px;
	}
	.AI{
	position: absolute;
	top:95px;
	left: 925px;
	border-bottom: 1px solid black;
	font-size:25px;
	font-style:bold;
	}
	
	.aiScore{
	position: absolute;
	top:140px;
	left: 925px;
	font-size:20px;
	}
		.mathScore{
	position: absolute;
	top:170px;
	left: 925px;
	font-size:20px;
	}
	
		.scienceScore{
	position: absolute;
	top:200px;
	left: 925px;
	font-size:20px;
	}
	
	.streak{
	position: absolute;
	top:250px;
	left: 925px;
	border-bottom: 1px solid black;
	font-size:25px;
	font-style:bold;
	}

	</ui:style>
	<g:HTMLPanel>

		<div id="whiteBox"></div>
		<g:Label text="Achievement Index" styleName='{style.AI}' ></g:Label>
		<g:Label text="AI:" styleName='{style.aiScore}'> </g:Label>
		<g:Label text="Math:" styleName='{style.mathScore}'> </g:Label>
		<g:Label text="Science: " styleName='{style.scienceScore}'> </g:Label>
		<g:Label text="Daily Workout Streak: " styleName='{style.streak}'> </g:Label>
		
	</g:HTMLPanel>
</ui:UiBinder> 