<!DOCTYPE ui:UiBinder SYSTEM "http://dl.google.com/gwt/DTD/xhtml.ent">
<ui:UiBinder xmlns:ui="urn:ui:com.google.gwt.uibinder"
	xmlns:g="urn:import:com.google.gwt.user.client.ui">
	<ui:style>
				#whiteBox{
	position:absolute;
	left: 180px;
	top: 50px;
	width: 700px;
	height:600px;
	background-color:white;
	border-style:ridge;
	border-width:3px;

	}
	
	.topPanel{
	position: absolute;
	top: 0;
		margin-left: 180px;
		margin-top: 20px;

	}
	.mangoLabel{
		color: white;
		font-style:bold;
		font-family: tahoma;
		 font-size:25px;
	}
	
	.homeBtn{
		margin-left: 35px;
		
	}
	.btn{
		margin-left: 10px;
	}
	.accountBtn{
		margin-left: 270px;
	}
	.logoutBtn{
		margin-left: 10px;
		
	}
	</ui:style>
	<g:HTMLPanel>
		<g:HorizontalPanel styleName='{style.topPanel}'>
			<g:Label text="Mango Learning" styleName='{style.mangoLabel}'></g:Label>
			<g:Button ui:field="homeBtn" addStyleNames='{style.homeBtn}'>Home</g:Button>
			<g:Button addStyleNames='{style.btn}'>Games</g:Button>
			<g:Button addStyleNames='{style.btn}'>Achievement Profile</g:Button>
			<g:Button ui:field="accBtn" addStyleNames='{style.accountBtn}'>Account Settings</g:Button>
			<g:Button ui:field="logoutBtn" addStyleNames='{style.logoutBtn}'>Logout</g:Button>
		</g:HorizontalPanel>
		
	</g:HTMLPanel>
</ui:UiBinder> 