<!DOCTYPE ui:UiBinder SYSTEM "http://dl.google.com/gwt/DTD/xhtml.ent">
<ui:UiBinder xmlns:ui="urn:ui:com.google.gwt.uibinder"
	xmlns:g="urn:import:com.google.gwt.user.client.ui">
	<ui:style>
		.leftMargin{
		 margin-left:170px;
		}
		
		.mangoLearningLabel{
		   font-size:50px;
		   font-style:bold;
		   color:white;
		   font-family: tahoma;
		}
		
		.contentMargin{
			margin-top: 70px;

		}
		
		.loginUserName{
			margin-left:250px;
			margin-top: 20px;
		}
		
		.loginButton{
			margin-left:20px;
			margin-top: 20px;
		}
	
		.loginPassword{
			margin-left:15px;
			margin-top: 20px;
		}
	
		.paddedLastName {
    		margin-left: 10px;
		}
		
		.paddedListBox {
    		margin-top: 15px;
		}
		
		.paddedGenderPanel{
			margin-top: 15px;
		}
		
		.welcomeLabel{
		   width: 450px;
			font-size:25px;
		   font-style:bold;
		   color:#6C090E;
		   font-family: tahoma;
		   margin-bottom: 10px;

		}
		.imageSize{
			height: 300px;
			width: 500px;
		}
		.registerFormMargin{
			margin-left:105px;
		}
		.registerButton{
			margin-top:14px;
	}
	.menuPosition{
	margin-top: -10px;	
	}
	.button{

	}
	</ui:style>

	<g:HTMLPanel>
	  <g:VerticalPanel styleName='{style.leftMargin}'>
			<!-- TOP BAR/LOGIN FORM -->
				<g:HorizontalPanel styleName='{style.menuPosition}'>
					<g:Label addStyleNames='{style.mangoLearningLabel}' text="Mango Learning"/> 
					<g:TextBox ui:field="userLogin" addStyleNames='{style.loginUserName}' text="Username" width="170px"></g:TextBox>
					<g:PasswordTextBox ui:field="passLogin" addStyleNames='{style.loginPassword}' text="Password" width="170px"></g:PasswordTextBox>
					<g:Button ui:field="loginButton" addStyleNames='{style.loginButton} {style.button}' >Log In</g:Button>
				</g:HorizontalPanel>
		
			<!-- HOMEPAGE IMAGE -->
			<g:HorizontalPanel styleName='{style.contentMargin}'>
				<g:VerticalPanel>
					<g:Label styleName='{style.welcomeLabel}'>Welcome to Mango Learning, where the fun begins!</g:Label>
					<g:Image ui:field="myImage" addStyleNames='{style.imageSize}' url="http://galpod.files.wordpress.com/2013/07/children-learning-with-computer.jpg"/>
				</g:VerticalPanel>		
				<!-- REGISTER FORM -->
				<g:VerticalPanel styleName='{style.registerFormMargin}'>
		        	<g:Label styleName='{style.welcomeLabel}' text="Sign Up. It's Always Going to be Free!"/> 
		            <g:HorizontalPanel>
		            	<g:TextBox ui:field="firstName" text="First Name" width="170px"></g:TextBox>
		            	<g:TextBox ui:field="lastName" text="Last Name" width="170px" addStyleNames='{style.paddedLastName}'></g:TextBox>
		            </g:HorizontalPanel>
		            	<g:TextBox ui:field="username" text="Username" width="170px"></g:TextBox>
		            	<g:TextBox ui:field="password" text="Password" width="170px"></g:TextBox>
		   
		      <!-- BIRTHDATE      <g:HorizontalPanel>
		            	<g:ListBox addStyleNames='{style.paddedListBox}'>
		  					<g:item value='1'>January</g:item><g:item value='2'>February</g:item><g:item value='3'>March</g:item><g:item value='4'>April</g:item><g:item value='5'>May</g:item><g:item value='6'>June</g:item><g:item value='7'>July</g:item><g:item value='8'>August</g:item><g:item value='9'>September</g:item><g:item value='10'>October</g:item><g:item value='11'>November</g:item><g:item value='12'>December</g:item>
						</g:ListBox>
						<g:ListBox addStyleNames='{style.paddedListBox}'>
							<g:item value='1'>1</g:item><g:item value='2'>1</g:item><g:item value='3'>1</g:item><g:item value='4'>1</g:item><g:item value='5'>1</g:item>				
						</g:ListBox>
						<g:ListBox addStyleNames='{style.paddedListBox}'>
							<g:item value='1'>2012</g:item><g:item value='2'>1</g:item><g:item value='3'>1</g:item><g:item value='4'>1</g:item><g:item value='5'>1</g:item>
						</g:ListBox>
		            </g:HorizontalPanel> 
		       -->
		            <g:HorizontalPanel addStyleNames='{style.paddedGenderPanel}'>
		           		 <g:RadioButton ui:field="maleBtn" name="yesNoButton" value="true" enabled="true">Male</g:RadioButton>
						 <g:RadioButton ui:field="femaleBtn" name="yesNoButton" value="false" enabled="true">Female</g:RadioButton> 	  
		            </g:HorizontalPanel>
		            <g:Button ui:field="registerBtn" addStyleNames='{style.registerButton} {style.button}'>Register</g:Button>    	
		         </g:VerticalPanel>
	         
	         </g:HorizontalPanel>
	  </g:VerticalPanel>           
	</g:HTMLPanel>
</ui:UiBinder> 